:
: holiday_es -- Defines spanish holidays
:
: For corrections, comments, etc., write to kde-es@kybs.de
: Para correcciones, comentarios, etc., escriba a kde-es@kybs.de

::
:: Holidays in all parts of Spain
::
: http://www.mtas.es/infpuntual/Fiestas2005/caracteristicas.htm
: «se respetarán como fiestas de ámbito nacional las de
: la Natividad del Señor,
: Año Nuevo,
: 1 de Mayo como fiesta del Trabajo,
: y 12 de Octubre como fiesta Nacional de España.»
"Año nuevo" weekend on january 1
"Fiesta del Trabajo" weekend on may 1
"Fiesta Nacional de España" weekend on october 12
"Natividad del Señor" weekend on december 25

: http://www.mtas.es/infpuntual/Fiestas2005/RES061004.htm
: «Fiesta Nacional no sustituible»
"Asunción de la Virgen" weekend on august 15
"Fiesta Nacional de España" weekend on october 12
"Todos los Santos" weekend on november 1
"Día de la Constitución Española" weekend on december 6
"La Inmaculada Concepción" weekend on december 8

: http://www.mtas.es/infpuntual/Fiestas2005/RES061004.htm
: «Fiesta Nacional respecto de la que no se ha ejercido la facultad
:  de sustitución.»
"Epifanía del Señor" weekend on january 6
small "San Esteban" on december 26


::
:: Easter related
::
small "Jueves Santo" on easter minus 3 days
"Viernes Santo" weekend on easter minus 2 days
small "Lunes de Pascua" on easter plus 1 day
small "Pentecostes / 2º Pascua" on easter plus 50 days


::
:: Holidays of the autonomic communities
::
small "Día de Andalucía" on february 28

small "Día de las Islas Baleares" on march 1
small "San José" on march 19

small "Sant Jordi" on april 23
small "Fiesta de la Comunidad de Castilla y León" on april 23
small "Día de Aragón" on april 23

small "Fiesta de la Comunidad de Madrid" on may 3
small "Día de las Letras Gallegas" on may 17
small "Día de Canarias" on may 30
small "Día de la Región de Castilla y la Mancha" on may 31

small "Día de la Región de Murcia" on june 9
small "Día de la Rioja" on june 9
small "San Juan" on june 24

small "Santiago Apóstol" on july 25
small "Día de las Instituciones" on july 28

small "Día de la Ciudad Autónoma de Ceuta" on september 2
small "Día de Asturias" on september 8
small "Día de Extremadura" on september 8
small "Diada de Cataluña" on september 11
small "Ntra. Sra. de la Bien Aparecida" on september 15


::
:: Daylight saving time
::
small "Adelanto horario" on last sunday in march
small "Retraso horario" on last sunday in october


::
:: Seasons
::
small "Equinoccio e inicio de primavera" on march 21
small "Solsticio e inicio de verano" on june 21
small "Equinoccio e inicio de otoño" on september 23
small "Solsticio e inicio de invierno" on december 21
